[{"model": "admin.logentry", "pk": 1, "fields": {"action_time": "2023-11-14T20:11:44.113Z", "user": 3, "content_type": 13, "object_id": "1", "object_repr": "/news/ -- Новости", "action_flag": 1, "change_message": "[{\"added\": {}}]"}}, {"model": "admin.logentry", "pk": 2, "fields": {"action_time": "2023-11-14T20:16:56.698Z", "user": 3, "content_type": 13, "object_id": "1", "object_repr": "/news/ -- Новости", "action_flag": 2, "change_message": "[{\"changed\": {\"fields\": [\"Template name\"]}}]"}}, {"model": "admin.logentry", "pk": 3, "fields": {"action_time": "2023-11-14T20:18:56.609Z", "user": 3, "content_type": 13, "object_id": "1", "object_repr": "/news/ -- Новости", "action_flag": 2, "change_message": "[]"}}, {"model": "admin.logentry", "pk": 4, "fields": {"action_time": "2023-11-14T20:23:11.679Z", "user": 3, "content_type": 13, "object_id": "1", "object_repr": "/news/ -- Новости", "action_flag": 2, "change_message": "[]"}}, {"model": "admin.logentry", "pk": 5, "fields": {"action_time": "2023-11-14T20:25:36.577Z", "user": 3, "content_type": 13, "object_id": "2", "object_repr": "/default/ -- Default", "action_flag": 1, "change_message": "[{\"added\": {}}]"}}, {"model": "admin.logentry", "pk": 6, "fields": {"action_time": "2023-11-14T20:41:10.580Z", "user": 3, "content_type": 13, "object_id": "2", "object_repr": "/default/ -- Default", "action_flag": 2, "change_message": "[{\"changed\": {\"fields\": [\"Content\"]}}]"}}, {"model": "admin.logentry", "pk": 7, "fields": {"action_time": "2023-11-14T20:59:16.551Z", "user": 3, "content_type": 10, "object_id": "3", "object_repr": "Принципы Работы Ооп, Принципы работы ООП", "action_flag": 2, "change_message": "[{\"changed\": {\"fields\": [\"Headline\"]}}]"}}, {"model": "admin.logentry", "pk": 8, "fields": {"action_time": "2023-11-14T20:59:28.874Z", "user": 3, "content_type": 10, "object_id": "2", "object_repr": "А Вы Знали Что Такое Ооп?, А вы знали что такое ООП?", "action_flag": 2, "change_message": "[{\"changed\": {\"fields\": [\"Headline\"]}}]"}}, {"model": "admin.logentry", "pk": 9, "fields": {"action_time": "2023-11-14T20:59:34.663Z", "user": 3, "content_type": 10, "object_id": "1", "object_repr": "Эта Новость Уже Облетела Весь Мир, Эта новость уже облетела весь мир", "action_flag": 2, "change_message": "[{\"changed\": {\"fields\": [\"Headline\"]}}]"}}, {"model": "admin.logentry", "pk": 10, "fields": {"action_time": "2023-11-14T20:59:41.247Z", "user": 3, "content_type": 10, "object_id": "3", "object_repr": "Принципы Работы Ооп, Принципы работы ООП", "action_flag": 2, "change_message": "[]"}}, {"model": "admin.logentry", "pk": 11, "fields": {"action_time": "2023-11-14T21:01:01.202Z", "user": 3, "content_type": 13, "object_id": "2", "object_repr": "/default/ -- Default", "action_flag": 2, "change_message": "[{\"changed\": {\"fields\": [\"Content\"]}}]"}}, {"model": "admin.logentry", "pk": 12, "fields": {"action_time": "2023-11-14T21:06:18.870Z", "user": 3, "content_type": 10, "object_id": "3", "object_repr": "Принципы Работы Ооп, Четыре основных принципа объектно-ориентированного программирования следующие.\r\nАбстракция. Моделирование требуемых атрибутов и взаимодействий сущностей в виде классов для определ", "action_flag": 2, "change_message": "[{\"changed\": {\"fields\": [\"Text\"]}}]"}}, {"model": "admin.logentry", "pk": 13, "fields": {"action_time": "2023-11-14T21:06:47.900Z", "user": 3, "content_type": 10, "object_id": "3", "object_repr": "Принципы Работы Ооп, <br>Четыре основных принципа объектно-ориентированного программирования следующие.\r\nАбстракция. Моделирование требуемых атрибутов и взаимодействий сущностей в виде классов для опр", "action_flag": 2, "change_message": "[{\"changed\": {\"fields\": [\"Text\"]}}]"}}, {"model": "admin.logentry", "pk": 14, "fields": {"action_time": "2023-11-14T21:07:43.380Z", "user": 3, "content_type": 10, "object_id": "3", "object_repr": "Принципы Работы Ооп, Четыре основных принципа объектно-ориентированного программирования следующие.\r\n\r\nАбстракция:\r\nМоделирование требуемых атрибутов и взаимодействий сущностей в виде классов для опре", "action_flag": 2, "change_message": "[{\"changed\": {\"fields\": [\"Text\"]}}]"}}, {"model": "admin.logentry", "pk": 15, "fields": {"action_time": "2023-11-14T21:08:32.837Z", "user": 3, "content_type": 10, "object_id": "2", "object_repr": "А Вы Знали Что Такое Ооп?, Объе́ктно-ориенти́рованное программи́рование (сокр. ООП) — методология программирования, основанная на представлении программы в виде совокупности взаимодействующих объектов", "action_flag": 2, "change_message": "[{\"changed\": {\"fields\": [\"Text\"]}}]"}}, {"model": "admin.logentry", "pk": 16, "fields": {"action_time": "2023-11-14T21:09:17.163Z", "user": 3, "content_type": 10, "object_id": "1", "object_repr": "Эта Новость Уже Облетела Весь Мир, Сюда я не придумал что вставить", "action_flag": 2, "change_message": "[{\"changed\": {\"fields\": [\"Text\"]}}]"}}, {"model": "admin.logentry", "pk": 17, "fields": {"action_time": "2023-11-15T10:03:59.617Z", "user": 3, "content_type": 10, "object_id": "1", "object_repr": "Эта Новость Уже Облетела Весь Мир, Lorem ipsum dolor sit amet, consectetur adipiscing elit, sed do eiusmod tempor incididunt ut labore et dolore magna aliqua. Ut enim ad minim veniam, quis nostrud exe", "action_flag": 2, "change_message": "[{\"changed\": {\"fields\": [\"Text\"]}}]"}}, {"model": "admin.logentry", "pk": 18, "fields": {"action_time": "2023-11-15T22:34:00.765Z", "user": 3, "content_type": 13, "object_id": "2", "object_repr": "/default/ -- Default", "action_flag": 2, "change_message": "[{\"changed\": {\"fields\": [\"Content\"]}}]"}}, {"model": "admin.logentry", "pk": 19, "fields": {"action_time": "2023-11-19T21:27:15.992Z", "user": 3, "content_type": 12, "object_id": "1", "object_repr": "127.0.0.1", "action_flag": 2, "change_message": "[{\"changed\": {\"fields\": [\"Domain name\"]}}]"}}, {"model": "admin.logentry", "pk": 20, "fields": {"action_time": "2023-11-19T21:30:15.900Z", "user": 3, "content_type": 17, "object_id": "1", "object_repr": "Google", "action_flag": 1, "change_message": "[{\"added\": {}}]"}}, {"model": "admin.logentry", "pk": 21, "fields": {"action_time": "2023-11-20T11:01:56.363Z", "user": 3, "content_type": 8, "object_id": "1", "object_repr": "Author object (1)", "action_flag": 2, "change_message": "[]"}}, {"model": "admin.logentry", "pk": 22, "fields": {"action_time": "2023-11-20T11:54:03.883Z", "user": 3, "content_type": 3, "object_id": "1", "object_repr": "common", "action_flag": 1, "change_message": "[{\"added\": {}}]"}}, {"model": "admin.logentry", "pk": 23, "fields": {"action_time": "2023-11-20T11:54:18.530Z", "user": 3, "content_type": 3, "object_id": "2", "object_repr": "authors", "action_flag": 1, "change_message": "[{\"added\": {}}]"}}, {"model": "admin.logentry", "pk": 24, "fields": {"action_time": "2023-11-20T13:49:33.651Z", "user": 3, "content_type": 3, "object_id": "2", "object_repr": "authors", "action_flag": 2, "change_message": "[{\"changed\": {\"fields\": [\"Permissions\"]}}]"}}, {"model": "admin.logentry", "pk": 25, "fields": {"action_time": "2023-11-20T13:50:15.115Z", "user": 3, "content_type": 4, "object_id": "3", "object_repr": "admin", "action_flag": 2, "change_message": "[{\"changed\": {\"fields\": [\"Groups\"]}}]"}}, {"model": "admin.logentry", "pk": 26, "fields": {"action_time": "2023-11-20T13:58:14.792Z", "user": 3, "content_type": 4, "object_id": "3", "object_repr": "admin", "action_flag": 2, "change_message": "[{\"changed\": {\"fields\": [\"Groups\"]}}]"}}, {"model": "admin.logentry", "pk": 27, "fields": {"action_time": "2023-11-20T14:04:47.647Z", "user": 3, "content_type": 3, "object_id": "2", "object_repr": "authors", "action_flag": 2, "change_message": "[{\"changed\": {\"fields\": [\"Permissions\"]}}]"}}, {"model": "admin.logentry", "pk": 28, "fields": {"action_time": "2023-11-20T14:05:05.062Z", "user": 3, "content_type": 3, "object_id": "1", "object_repr": "common", "action_flag": 2, "change_message": "[{\"changed\": {\"fields\": [\"Permissions\"]}}]"}}, {"model": "admin.logentry", "pk": 29, "fields": {"action_time": "2023-11-20T14:07:31.875Z", "user": 3, "content_type": 3, "object_id": "1", "object_repr": "common", "action_flag": 2, "change_message": "[]"}}, {"model": "admin.logentry", "pk": 30, "fields": {"action_time": "2023-11-20T14:09:31.657Z", "user": 3, "content_type": 3, "object_id": "1", "object_repr": "common", "action_flag": 2, "change_message": "[]"}}, {"model": "admin.logentry", "pk": 31, "fields": {"action_time": "2023-11-20T14:10:41.719Z", "user": 3, "content_type": 3, "object_id": "2", "object_repr": "authors", "action_flag": 2, "change_message": "[{\"changed\": {\"fields\": [\"Permissions\"]}}]"}}, {"model": "admin.logentry", "pk": 32, "fields": {"action_time": "2023-11-20T14:11:26.219Z", "user": 3, "content_type": 3, "object_id": "1", "object_repr": "common", "action_flag": 2, "change_message": "[{\"changed\": {\"fields\": [\"Permissions\"]}}]"}}, {"model": "admin.logentry", "pk": 33, "fields": {"action_time": "2023-11-20T14:11:37.451Z", "user": 3, "content_type": 4, "object_id": "6", "object_repr": "test_user2", "action_flag": 2, "change_message": "[{\"changed\": {\"fields\": [\"Groups\"]}}]"}}, {"model": "admin.logentry", "pk": 34, "fields": {"action_time": "2023-11-20T14:13:45.239Z", "user": 3, "content_type": 4, "object_id": "6", "object_repr": "test_user2", "action_flag": 2, "change_message": "[{\"changed\": {\"fields\": [\"Groups\"]}}]"}}, {"model": "admin.logentry", "pk": 35, "fields": {"action_time": "2023-11-20T21:18:42.030Z", "user": 3, "content_type": 19, "object_id": "1", "object_repr": "Subscribers object (1)", "action_flag": 1, "change_message": "[{\"added\": {}}]"}}, {"model": "admin.logentry", "pk": 36, "fields": {"action_time": "2023-11-21T10:13:03.640Z", "user": 3, "content_type": 19, "object_id": "1", "object_repr": "Subscribers object (1)", "action_flag": 2, "change_message": "[]"}}, {"model": "admin.logentry", "pk": 37, "fields": {"action_time": "2023-11-21T13:05:24.285Z", "user": 3, "content_type": 4, "object_id": "7", "object_repr": "user2", "action_flag": 2, "change_message": "[{\"changed\": {\"fields\": [\"Username\"]}}]"}}, {"model": "admin.logentry", "pk": 38, "fields": {"action_time": "2023-11-21T13:05:34.870Z", "user": 3, "content_type": 4, "object_id": "7", "object_repr": "user2", "action_flag": 2, "change_message": "[{\"changed\": {\"fields\": [\"Email address\"]}}]"}}, {"model": "admin.logentry", "pk": 39, "fields": {"action_time": "2023-11-21T13:12:18.750Z", "user": 3, "content_type": 4, "object_id": "7", "object_repr": "user2", "action_flag": 3, "change_message": ""}}, {"model": "admin.logentry", "pk": 40, "fields": {"action_time": "2023-11-21T13:12:24.270Z", "user": 3, "content_type": 4, "object_id": "4", "object_repr": "user", "action_flag": 3, "change_message": ""}}, {"model": "admin.logentry", "pk": 41, "fields": {"action_time": "2023-11-21T13:15:29.696Z", "user": 3, "content_type": 4, "object_id": "8", "object_repr": "astakhoff.andrejj.yandex.ru208", "action_flag": 3, "change_message": ""}}, {"model": "admin.logentry", "pk": 42, "fields": {"action_time": "2023-11-21T13:16:22.988Z", "user": 3, "content_type": 4, "object_id": "9", "object_repr": "astakhoff.andrejj.yandex.ru208", "action_flag": 3, "change_message": ""}}, {"model": "admin.logentry", "pk": 43, "fields": {"action_time": "2023-11-21T13:18:23.596Z", "user": 3, "content_type": 4, "object_id": "10", "object_repr": "astakhoff.andrejj.yandex.ru208", "action_flag": 3, "change_message": ""}}, {"model": "admin.logentry", "pk": 44, "fields": {"action_time": "2023-11-21T13:20:13.006Z", "user": 3, "content_type": 4, "object_id": "11", "object_repr": "astakhoff.andrejj.yandex.ru208", "action_flag": 3, "change_message": ""}}, {"model": "admin.logentry", "pk": 45, "fields": {"action_time": "2023-11-21T14:05:14.417Z", "user": 3, "content_type": 4, "object_id": "12", "object_repr": "astakhoff.andrejj.yandex.ru208", "action_flag": 3, "change_message": ""}}, {"model": "admin.logentry", "pk": 46, "fields": {"action_time": "2023-11-21T14:13:59.449Z", "user": 3, "content_type": 4, "object_id": "13", "object_repr": "astakhoff.andrejj.yandex.ru208", "action_flag": 3, "change_message": ""}}, {"model": "admin.logentry", "pk": 47, "fields": {"action_time": "2023-11-21T14:22:21.625Z", "user": 3, "content_type": 4, "object_id": "14", "object_repr": "astakhoff.andrejj.yandex.ru208", "action_flag": 3, "change_message": ""}}, {"model": "admin.logentry", "pk": 48, "fields": {"action_time": "2023-11-21T17:53:08.378Z", "user": 3, "content_type": 10, "object_id": "20", "object_repr": "Lorem Ipsum 15, Эта новость изменилась", "action_flag": 2, "change_message": "[{\"changed\": {\"fields\": [\"Headline\", \"Text\"]}}]"}}, {"model": "admin.logentry", "pk": 49, "fields": {"action_time": "2023-11-21T18:15:05.949Z", "user": 3, "content_type": 10, "object_id": "19", "object_repr": "Lorem Ipsum 14, Ultrices tincidunt arcu non sodales neque. Duis convallis convallis tellus id interdum velit laoreet id. Tellus molestie nunc non blandit massa enim nec. Maecenas ultricies mi eget mau", "action_flag": 2, "change_message": "[{\"changed\": {\"fields\": [\"Headline\"]}}]"}}, {"model": "admin.logentry", "pk": 50, "fields": {"action_time": "2023-11-28T12:01:52.102Z", "user": 3, "content_type": 10, "object_id": "48", "object_repr": "Lorem Ipsum 2000, A******** in nisl nisi scelerisque eu ultrices vitae auctor eu. E******* egestas fringilla phasellus faucibus scelerisque eleifend donec. A****** elit sed vulputate mi sit amet. A** ", "action_flag": 2, "change_message": "[{\"changed\": {\"fields\": [\"Headline\"]}}]"}}, {"model": "admin.logentry", "pk": 51, "fields": {"action_time": "2023-11-28T12:03:44.012Z", "user": 3, "content_type": 10, "object_id": "48", "object_repr": "Lorem Ipsum 20, A******** in nisl nisi scelerisque eu ultrices vitae auctor eu. E******* egestas fringilla phasellus faucibus scelerisque eleifend donec. A****** elit sed vulputate mi sit amet. A** le", "action_flag": 2, "change_message": "[{\"changed\": {\"fields\": [\"Headline\"]}}]"}}, {"model": "admin.logentry", "pk": 52, "fields": {"action_time": "2023-11-28T12:49:21.185Z", "user": 3, "content_type": 10, "object_id": "48", "object_repr": "Lorem Ipsum 2000, A******** in nisl nisi scelerisque eu ultrices vitae auctor eu. E******* egestas fringilla phasellus faucibus scelerisque eleifend donec. A****** elit sed vulputate mi sit amet. A** ", "action_flag": 2, "change_message": "[{\"changed\": {\"fields\": [\"Headline\"]}}]"}}, {"model": "admin.logentry", "pk": 53, "fields": {"action_time": "2023-11-28T12:50:12.489Z", "user": 3, "content_type": 10, "object_id": "48", "object_repr": "Lorem Ipsum 20, A******** in nisl nisi scelerisque eu ultrices vitae auctor eu. E******* egestas fringilla phasellus faucibus scelerisque eleifend donec. A****** elit sed vulputate mi sit amet. A** le", "action_flag": 2, "change_message": "[{\"changed\": {\"fields\": [\"Headline\"]}}]"}}, {"model": "admin.logentry", "pk": 54, "fields": {"action_time": "2023-11-28T12:50:19.889Z", "user": 3, "content_type": 10, "object_id": "48", "object_repr": "Lorem Ipsum 2000, A******** in nisl nisi scelerisque eu ultrices vitae auctor eu. E******* egestas fringilla phasellus faucibus scelerisque eleifend donec. A****** elit sed vulputate mi sit amet. A** ", "action_flag": 2, "change_message": "[{\"changed\": {\"fields\": [\"Headline\"]}}]"}}, {"model": "admin.logentry", "pk": 55, "fields": {"action_time": "2023-11-28T12:50:28.100Z", "user": 3, "content_type": 10, "object_id": "48", "object_repr": "Lorem Ipsum 20, A******** in nisl nisi scelerisque eu ultrices vitae auctor eu. E******* egestas fringilla phasellus faucibus scelerisque eleifend donec. A****** elit sed vulputate mi sit amet. A** le", "action_flag": 2, "change_message": "[{\"changed\": {\"fields\": [\"Headline\"]}}]"}}, {"model": "admin.logentry", "pk": 56, "fields": {"action_time": "2023-11-28T12:51:08.492Z", "user": 3, "content_type": 10, "object_id": "48", "object_repr": "Lorem Ipsum 2000, A******** in nisl nisi scelerisque eu ultrices vitae auctor eu. E******* egestas fringilla phasellus faucibus scelerisque eleifend donec. A****** elit sed vulputate mi sit amet. A** ", "action_flag": 2, "change_message": "[{\"changed\": {\"fields\": [\"Headline\"]}}]"}}, {"model": "admin.logentry", "pk": 57, "fields": {"action_time": "2023-11-28T12:51:20.828Z", "user": 3, "content_type": 10, "object_id": "48", "object_repr": "Lorem Ipsum 20, A******** in nisl nisi scelerisque eu ultrices vitae auctor eu. E******* egestas fringilla phasellus faucibus scelerisque eleifend donec. A****** elit sed vulputate mi sit amet. A** le", "action_flag": 2, "change_message": "[{\"changed\": {\"fields\": [\"Headline\"]}}]"}}, {"model": "auth.permission", "pk": 1, "fields": {"name": "Can add log entry", "content_type": 1, "codename": "add_logentry"}}, {"model": "auth.permission", "pk": 2, "fields": {"name": "Can change log entry", "content_type": 1, "codename": "change_logentry"}}, {"model": "auth.permission", "pk": 3, "fields": {"name": "Can delete log entry", "content_type": 1, "codename": "delete_logentry"}}, {"model": "auth.permission", "pk": 4, "fields": {"name": "Can view log entry", "content_type": 1, "codename": "view_logentry"}}, {"model": "auth.permission", "pk": 5, "fields": {"name": "Can add permission", "content_type": 2, "codename": "add_permission"}}, {"model": "auth.permission", "pk": 6, "fields": {"name": "Can change permission", "content_type": 2, "codename": "change_permission"}}, {"model": "auth.permission", "pk": 7, "fields": {"name": "Can delete permission", "content_type": 2, "codename": "delete_permission"}}, {"model": "auth.permission", "pk": 8, "fields": {"name": "Can view permission", "content_type": 2, "codename": "view_permission"}}, {"model": "auth.permission", "pk": 9, "fields": {"name": "Can add group", "content_type": 3, "codename": "add_group"}}, {"model": "auth.permission", "pk": 10, "fields": {"name": "Can change group", "content_type": 3, "codename": "change_group"}}, {"model": "auth.permission", "pk": 11, "fields": {"name": "Can delete group", "content_type": 3, "codename": "delete_group"}}, {"model": "auth.permission", "pk": 12, "fields": {"name": "Can view group", "content_type": 3, "codename": "view_group"}}, {"model": "auth.permission", "pk": 13, "fields": {"name": "Can add user", "content_type": 4, "codename": "add_user"}}, {"model": "auth.permission", "pk": 14, "fields": {"name": "Can change user", "content_type": 4, "codename": "change_user"}}, {"model": "auth.permission", "pk": 15, "fields": {"name": "Can delete user", "content_type": 4, "codename": "delete_user"}}, {"model": "auth.permission", "pk": 16, "fields": {"name": "Can view user", "content_type": 4, "codename": "view_user"}}, {"model": "auth.permission", "pk": 17, "fields": {"name": "Can add content type", "content_type": 5, "codename": "add_contenttype"}}, {"model": "auth.permission", "pk": 18, "fields": {"name": "Can change content type", "content_type": 5, "codename": "change_contenttype"}}, {"model": "auth.permission", "pk": 19, "fields": {"name": "Can delete content type", "content_type": 5, "codename": "delete_contenttype"}}, {"model": "auth.permission", "pk": 20, "fields": {"name": "Can view content type", "content_type": 5, "codename": "view_contenttype"}}, {"model": "auth.permission", "pk": 21, "fields": {"name": "Can add session", "content_type": 6, "codename": "add_session"}}, {"model": "auth.permission", "pk": 22, "fields": {"name": "Can change session", "content_type": 6, "codename": "change_session"}}, {"model": "auth.permission", "pk": 23, "fields": {"name": "Can delete session", "content_type": 6, "codename": "delete_session"}}, {"model": "auth.permission", "pk": 24, "fields": {"name": "Can view session", "content_type": 6, "codename": "view_session"}}, {"model": "auth.permission", "pk": 25, "fields": {"name": "Can add category", "content_type": 7, "codename": "add_category"}}, {"model": "auth.permission", "pk": 26, "fields": {"name": "Can change category", "content_type": 7, "codename": "change_category"}}, {"model": "auth.permission", "pk": 27, "fields": {"name": "Can delete category", "content_type": 7, "codename": "delete_category"}}, {"model": "auth.permission", "pk": 28, "fields": {"name": "Can view category", "content_type": 7, "codename": "view_category"}}, {"model": "auth.permission", "pk": 29, "fields": {"name": "Can add author", "content_type": 8, "codename": "add_author"}}, {"model": "auth.permission", "pk": 30, "fields": {"name": "Can change author", "content_type": 8, "codename": "change_author"}}, {"model": "auth.permission", "pk": 31, "fields": {"name": "Can delete author", "content_type": 8, "codename": "delete_author"}}, {"model": "auth.permission", "pk": 32, "fields": {"name": "Can view author", "content_type": 8, "codename": "view_author"}}, {"model": "auth.permission", "pk": 33, "fields": {"name": "Can add comment", "content_type": 9, "codename": "add_comment"}}, {"model": "auth.permission", "pk": 34, "fields": {"name": "Can change comment", "content_type": 9, "codename": "change_comment"}}, {"model": "auth.permission", "pk": 35, "fields": {"name": "Can delete comment", "content_type": 9, "codename": "delete_comment"}}, {"model": "auth.permission", "pk": 36, "fields": {"name": "Can view comment", "content_type": 9, "codename": "view_comment"}}, {"model": "auth.permission", "pk": 37, "fields": {"name": "Can add post", "content_type": 10, "codename": "add_post"}}, {"model": "auth.permission", "pk": 38, "fields": {"name": "Can change post", "content_type": 10, "codename": "change_post"}}, {"model": "auth.permission", "pk": 39, "fields": {"name": "Can delete post", "content_type": 10, "codename": "delete_post"}}, {"model": "auth.permission", "pk": 40, "fields": {"name": "Can view post", "content_type": 10, "codename": "view_post"}}, {"model": "auth.permission", "pk": 41, "fields": {"name": "Can add post category", "content_type": 11, "codename": "add_postcategory"}}, {"model": "auth.permission", "pk": 42, "fields": {"name": "Can change post category", "content_type": 11, "codename": "change_postcategory"}}, {"model": "auth.permission", "pk": 43, "fields": {"name": "Can delete post category", "content_type": 11, "codename": "delete_postcategory"}}, {"model": "auth.permission", "pk": 44, "fields": {"name": "Can view post category", "content_type": 11, "codename": "view_postcategory"}}, {"model": "auth.permission", "pk": 45, "fields": {"name": "Can add site", "content_type": 12, "codename": "add_site"}}, {"model": "auth.permission", "pk": 46, "fields": {"name": "Can change site", "content_type": 12, "codename": "change_site"}}, {"model": "auth.permission", "pk": 47, "fields": {"name": "Can delete site", "content_type": 12, "codename": "delete_site"}}, {"model": "auth.permission", "pk": 48, "fields": {"name": "Can view site", "content_type": 12, "codename": "view_site"}}, {"model": "auth.permission", "pk": 49, "fields": {"name": "Can add flat page", "content_type": 13, "codename": "add_flatpage"}}, {"model": "auth.permission", "pk": 50, "fields": {"name": "Can change flat page", "content_type": 13, "codename": "change_flatpage"}}, {"model": "auth.permission", "pk": 51, "fields": {"name": "Can delete flat page", "content_type": 13, "codename": "delete_flatpage"}}, {"model": "auth.permission", "pk": 52, "fields": {"name": "Can view flat page", "content_type": 13, "codename": "view_flatpage"}}, {"model": "auth.permission", "pk": 53, "fields": {"name": "Can add email address", "content_type": 14, "codename": "add_emailaddress"}}, {"model": "auth.permission", "pk": 54, "fields": {"name": "Can change email address", "content_type": 14, "codename": "change_emailaddress"}}, {"model": "auth.permission", "pk": 55, "fields": {"name": "Can delete email address", "content_type": 14, "codename": "delete_emailaddress"}}, {"model": "auth.permission", "pk": 56, "fields": {"name": "Can view email address", "content_type": 14, "codename": "view_emailaddress"}}, {"model": "auth.permission", "pk": 57, "fields": {"name": "Can add email confirmation", "content_type": 15, "codename": "add_emailconfirmation"}}, {"model": "auth.permission", "pk": 58, "fields": {"name": "Can change email confirmation", "content_type": 15, "codename": "change_emailconfirmation"}}, {"model": "auth.permission", "pk": 59, "fields": {"name": "Can delete email confirmation", "content_type": 15, "codename": "delete_emailconfirmation"}}, {"model": "auth.permission", "pk": 60, "fields": {"name": "Can view email confirmation", "content_type": 15, "codename": "view_emailconfirmation"}}, {"model": "auth.permission", "pk": 61, "fields": {"name": "Can add social account", "content_type": 16, "codename": "add_socialaccount"}}, {"model": "auth.permission", "pk": 62, "fields": {"name": "Can change social account", "content_type": 16, "codename": "change_socialaccount"}}, {"model": "auth.permission", "pk": 63, "fields": {"name": "Can delete social account", "content_type": 16, "codename": "delete_socialaccount"}}, {"model": "auth.permission", "pk": 64, "fields": {"name": "Can view social account", "content_type": 16, "codename": "view_socialaccount"}}, {"model": "auth.permission", "pk": 65, "fields": {"name": "Can add social application", "content_type": 17, "codename": "add_socialapp"}}, {"model": "auth.permission", "pk": 66, "fields": {"name": "Can change social application", "content_type": 17, "codename": "change_socialapp"}}, {"model": "auth.permission", "pk": 67, "fields": {"name": "Can delete social application", "content_type": 17, "codename": "delete_socialapp"}}, {"model": "auth.permission", "pk": 68, "fields": {"name": "Can view social application", "content_type": 17, "codename": "view_socialapp"}}, {"model": "auth.permission", "pk": 69, "fields": {"name": "Can add social application token", "content_type": 18, "codename": "add_socialtoken"}}, {"model": "auth.permission", "pk": 70, "fields": {"name": "Can change social application token", "content_type": 18, "codename": "change_socialtoken"}}, {"model": "auth.permission", "pk": 71, "fields": {"name": "Can delete social application token", "content_type": 18, "codename": "delete_socialtoken"}}, {"model": "auth.permission", "pk": 72, "fields": {"name": "Can view social application token", "content_type": 18, "codename": "view_socialtoken"}}, {"model": "auth.permission", "pk": 73, "fields": {"name": "Can add subscribers", "content_type": 19, "codename": "add_subscribers"}}, {"model": "auth.permission", "pk": 74, "fields": {"name": "Can change subscribers", "content_type": 19, "codename": "change_subscribers"}}, {"model": "auth.permission", "pk": 75, "fields": {"name": "Can delete subscribers", "content_type": 19, "codename": "delete_subscribers"}}, {"model": "auth.permission", "pk": 76, "fields": {"name": "Can view subscribers", "content_type": 19, "codename": "view_subscribers"}}, {"model": "auth.permission", "pk": 77, "fields": {"name": "Can add django job", "content_type": 20, "codename": "add_djangojob"}}, {"model": "auth.permission", "pk": 78, "fields": {"name": "Can change django job", "content_type": 20, "codename": "change_djangojob"}}, {"model": "auth.permission", "pk": 79, "fields": {"name": "Can delete django job", "content_type": 20, "codename": "delete_djangojob"}}, {"model": "auth.permission", "pk": 80, "fields": {"name": "Can view django job", "content_type": 20, "codename": "view_djangojob"}}, {"model": "auth.permission", "pk": 81, "fields": {"name": "Can add django job execution", "content_type": 21, "codename": "add_djangojobexecution"}}, {"model": "auth.permission", "pk": 82, "fields": {"name": "Can change django job execution", "content_type": 21, "codename": "change_djangojobexecution"}}, {"model": "auth.permission", "pk": 83, "fields": {"name": "Can delete django job execution", "content_type": 21, "codename": "delete_djangojobexecution"}}, {"model": "auth.permission", "pk": 84, "fields": {"name": "Can view django job execution", "content_type": 21, "codename": "view_djangojobexecution"}}, {"model": "auth.group", "pk": 1, "fields": {"name": "common", "permissions": []}}, {"model": "auth.group", "pk": 2, "fields": {"name": "authors", "permissions": [37, 38, 39]}}, {"model": "auth.user", "pk": 1, "fields": {"password": "!nCfnjdbyRlahWxJRTg1UawHMWxMNY8XNbkstsNNP", "last_login": null, "is_superuser": false, "username": "Andrey", "first_name": "", "last_name": "", "email": "", "is_staff": false, "is_active": true, "date_joined": "2023-11-13T20:09:26.716Z", "groups": [], "user_permissions": []}}, {"model": "auth.user", "pk": 2, "fields": {"password": "!nET08B8jSvQ8FAJ8pRGMMP0P5vl926nn9iACahBC", "last_login": null, "is_superuser": false, "username": "Dmitriy", "first_name": "", "last_name": "", "email": "", "is_staff": false, "is_active": true, "date_joined": "2023-11-13T20:10:21.074Z", "groups": [], "user_permissions": []}}, {"model": "auth.user", "pk": 3, "fields": {"password": "pbkdf2_sha256$600000$KpXypo9XLH2ZHxtqGnq5Qa$lJF793y+GHpuwuSGFM+n96Oh3AB2itWEB1JXybtkYt0=", "last_login": "2023-11-27T12:30:57.831Z", "is_superuser": true, "username": "admin", "first_name": "", "last_name": "", "email": "", "is_staff": true, "is_active": true, "date_joined": "2023-11-14T20:05:06Z", "groups": [2], "user_permissions": []}}, {"model": "auth.user", "pk": 5, "fields": {"password": "pbkdf2_sha256$600000$s4JADaqzFUPL4ebbctRzfW$UfaAZdCm6eab3S8UK5W8rfF1JOLadUv2okAI8oMeZtM=", "last_login": null, "is_superuser": false, "username": "test_user", "first_name": "", "last_name": "", "email": "test_user@example.com", "is_staff": false, "is_active": true, "date_joined": "2023-11-20T13:14:18.264Z", "groups": [], "user_permissions": []}}, {"model": "auth.user", "pk": 6, "fields": {"password": "pbkdf2_sha256$600000$GtKPms1cF0RMX2XoNJWVUW$CdZiegmRXCCd9M454XXkPf7JPhApavoztdtBwBVaPI0=", "last_login": "2023-11-20T14:02:41Z", "is_superuser": false, "username": "test_user2", "first_name": "", "last_name": "", "email": "test_user2@example.com", "is_staff": false, "is_active": true, "date_joined": "2023-11-20T13:16:39Z", "groups": [1], "user_permissions": []}}, {"model": "auth.user", "pk": 15, "fields": {"password": "pbkdf2_sha256$600000$Ea5267AG2klmltmEWRb0ts$41+n/ChLt8pvtryyYdmj6u7wLPpkF8OUrBewDvWQEes=", "last_login": "2023-11-27T12:28:19.831Z", "is_superuser": false, "username": "astakhoff.andrejj.yandex.ru208", "first_name": "", "last_name": "", "email": "astakhoff.andrejj.yandex.ru208@gmail.com", "is_staff": false, "is_active": true, "date_joined": "2023-11-21T14:22:41.396Z", "groups": [1], "user_permissions": []}}, {"model": "contenttypes.contenttype", "pk": 1, "fields": {"app_label": "admin", "model": "logentry"}}, {"model": "contenttypes.contenttype", "pk": 2, "fields": {"app_label": "auth", "model": "permission"}}, {"model": "contenttypes.contenttype", "pk": 3, "fields": {"app_label": "auth", "model": "group"}}, {"model": "contenttypes.contenttype", "pk": 4, "fields": {"app_label": "auth", "model": "user"}}, {"model": "contenttypes.contenttype", "pk": 5, "fields": {"app_label": "contenttypes", "model": "contenttype"}}, {"model": "contenttypes.contenttype", "pk": 6, "fields": {"app_label": "sessions", "model": "session"}}, {"model": "contenttypes.contenttype", "pk": 7, "fields": {"app_label": "NewsPortal", "model": "category"}}, {"model": "contenttypes.contenttype", "pk": 8, "fields": {"app_label": "NewsPortal", "model": "author"}}, {"model": "contenttypes.contenttype", "pk": 9, "fields": {"app_label": "NewsPortal", "model": "comment"}}, {"model": "contenttypes.contenttype", "pk": 10, "fields": {"app_label": "NewsPortal", "model": "post"}}, {"model": "contenttypes.contenttype", "pk": 11, "fields": {"app_label": "NewsPortal", "model": "postcategory"}}, {"model": "contenttypes.contenttype", "pk": 12, "fields": {"app_label": "sites", "model": "site"}}, {"model": "contenttypes.contenttype", "pk": 13, "fields": {"app_label": "flatpages", "model": "flatpage"}}, {"model": "contenttypes.contenttype", "pk": 14, "fields": {"app_label": "account", "model": "emailaddress"}}, {"model": "contenttypes.contenttype", "pk": 15, "fields": {"app_label": "account", "model": "emailconfirmation"}}, {"model": "contenttypes.contenttype", "pk": 16, "fields": {"app_label": "socialaccount", "model": "socialaccount"}}, {"model": "contenttypes.contenttype", "pk": 17, "fields": {"app_label": "socialaccount", "model": "socialapp"}}, {"model": "contenttypes.contenttype", "pk": 18, "fields": {"app_label": "socialaccount", "model": "socialtoken"}}, {"model": "contenttypes.contenttype", "pk": 19, "fields": {"app_label": "NewsPortal", "model": "subscribers"}}, {"model": "contenttypes.contenttype", "pk": 20, "fields": {"app_label": "django_apscheduler", "model": "djangojob"}}, {"model": "contenttypes.contenttype", "pk": 21, "fields": {"app_label": "django_apscheduler", "model": "djangojobexecution"}}, {"model": "sessions.session", "pk": "3bsevjpkb3bjm4hjev5z4owxp3g3v8il", "fields": {"session_data": ".eJxVjEsOwiAUAO_C2hA-j1dw6b5nIHweUjU0Ke3KeHdD0oVuZybzZj4ce_VHp80vmV2ZZpdfFkN6UhsiP0K7rzytbd-WyEfCT9v5vGZ63c72b1BDr2NbUEWESWZbhFUgNKoksOhSKEhICrRw1kxAFmU0BgwZ55xWOSTUVrLPF7nJNpI:1r7alN:xxSY54cB7B8yIhTvIFK3A3L-c-dT3K8Y3mii66cFgts", "expire_date": "2023-12-11T12:30:57.833Z"}}, {"model": "sessions.session", "pk": "d15xs809ozejpbomd8dcx08uc3d3v3xd", "fields": {"session_data": ".eJxVjstuwyAQRf-FdYV4DBi8zL7fgMYw1CQRVAZLraL8e-Ioi3Z7z9HRvbGA-1jD3mkLJbGZafbxd1swXqgeIJ2xfjUeWx1bWfih8Dft_LMlup7e7r_Ain09stmqxcIkk8vCKRDaqihs1jkTSogKtPDOTEDOysUYMGS891oljFY7-YxijG2v49WmOkrEQSngYLOchADlvbPcOAMSng869V5aDfTzXbZfNov7A1tDS9M:1r4pW6:EsvpN9M6nJtyRYn8GQaYScX6wnZnZFNqE3P8k7xaiEQ", "expire_date": "2023-12-03T21:39:46.586Z"}}, {"model": "sessions.session", "pk": "dul2c36wac3xdf71ksrinb5zud805d83", "fields": {"session_data": ".eJxVjEsOwiAUAO_C2hA-j1dw6b5nIHweUjU0Ke3KeHdD0oVuZybzZj4ce_VHp80vmV2ZZpdfFkN6UhsiP0K7rzytbd-WyEfCT9v5vGZ63c72b1BDr2NbUEWESWZbhFUgNKoksOhSKEhICrRw1kxAFmU0BgwZ55xWOSTUVrLPF7nJNpI:1r3BHW:ngAkHbYCUogDl4ytjBsYyV1fYY7VRW67CldcXdFZuUs", "expire_date": "2023-11-29T08:29:54.676Z"}}, {"model": "sessions.session", "pk": "euocgdu9x6fyqshuyf1vif1qz0y4nygq", "fields": {"session_data": ".eJxVjEsOwiAUAO_C2hA-j1dw6b5nIHweUjU0Ke3KeHdD0oVuZybzZj4ce_VHp80vmV2ZZpdfFkN6UhsiP0K7rzytbd-WyEfCT9v5vGZ63c72b1BDr2NbUEWESWZbhFUgNKoksOhSKEhICrRw1kxAFmU0BgwZ55xWOSTUVrLPF7nJNpI:1r324a:I5Ke2hMPhb5m7eZRgHmSTTkgf7m-Gi9OyBGF8tlmIF8", "expire_date": "2023-11-28T22:39:56.758Z"}}, {"model": "sessions.session", "pk": "hcdtn5ak4i4585hf09etdhngox361737", "fields": {"session_data": ".eJxVjEsOwiAUAO_C2hA-j1dw6b5nIHweUjU0Ke3KeHdD0oVuZybzZj4ce_VHp80vmV2ZZpdfFkN6UhsiP0K7rzytbd-WyEfCT9v5vGZ63c72b1BDr2NbUEWESWZbhFUgNKoksOhSKEhICrRw1kxAFmU0BgwZ55xWOSTUVrLPF7nJNpI:1r3Kec:ycnEC8AcL_M-MJ12fDPud44Ohn1O9w5wAKNnnab5x58", "expire_date": "2023-11-29T18:30:22.593Z"}}, {"model": "sessions.session", "pk": "hp0p62e03akc63wxtifornspzyohwcq5", "fields": {"session_data": ".eJxVjssOgkAMRf9l1oZQnBfs9EcmbekEIgHjDInG-O8OhIUue297et4q4JqHsCZ5hLFXnbLq9JsR8k3mrcBp2uIKmZd1ztW-c9SpupRJ5jwy5nGZr8fVH2rANBROjN5F6DUzgTMSjY0eJLIGppoaB-KpIQvoDWkxTeucYa3PSEA-ki7QQ2FnH0-lD5hVB66utfethco2xrVtMUiSUnEK8ryPj5fq6s8XLDBSVg:1r54rJ:uLz9v3vpTYHksbYCCcZfreYNnzc1ALKr-_Ysz2BztN4", "expire_date": "2023-12-04T14:02:41.627Z"}}, {"model": "sessions.session", "pk": "ls7pso5e7mf97akog144cua19kq3zu7k", "fields": {"session_data": ".eJxVjEsOwiAUAO_C2hA-j1dw6b5nIHweUjU0Ke3KeHdD0oVuZybzZj4ce_VHp80vmV2ZZpdfFkN6UhsiP0K7rzytbd-WyEfCT9v5vGZ63c72b1BDr2NbUEWESWZbhFUgNKoksOhSKEhICrRw1kxAFmU0BgwZ55xWOSTUVrLPF7nJNpI:1r2zev:2GQT4di4f7Um7jZ9y7DYX8bJj0SkjdnhnnzPbsfv27s", "expire_date": "2023-11-28T20:05:17.437Z"}}, {"model": "sessions.session", "pk": "zdv4lu45ngfslg63h8l8wj2d35wkq0qv", "fields": {"session_data": ".eJxVjEsOwiAUAO_C2hA-j1dw6b5nIHweUjU0Ke3KeHdD0oVuZybzZj4ce_VHp80vmV2ZZpdfFkN6UhsiP0K7rzytbd-WyEfCT9v5vGZ63c72b1BDr2NbUEWESWZbhFUgNKoksOhSKEhICrRw1kxAFmU0BgwZ55xWOSTUVrLPF7nJNpI:1r5UXe:vfno77DRIXGQ7hi1aiSWxBvD4xJ-HOdqbCHErsviJQ4", "expire_date": "2023-12-05T17:28:06.037Z"}}, {"model": "sites.site", "pk": 1, "fields": {"domain": "127.0.0.1", "name": "example.com"}}, {"model": "flatpages.flatpage", "pk": 1, "fields": {"url": "/news/", "title": "Новости", "content": "", "enable_comments": false, "template_name": "flatpages/news.html", "registration_required": false, "sites": [1]}}, {"model": "flatpages.flatpage", "pk": 2, "fields": {"url": "/default/", "title": "Default", "content": "<h1>Это главная страница нашего портала.  Чтобы посмотреть новости перейдите во вкладку \r\n \"All Posts\"</h1>", "enable_comments": false, "template_name": "flatpages/default.html", "registration_required": false, "sites": [1]}}, {"model": "NewsPortal.author", "pk": 1, "fields": {"User": 1, "rating": 0}}, {"model": "NewsPortal.author", "pk": 2, "fields": {"User": 2, "rating": 0}}, {"model": "NewsPortal.category", "pk": 1, "fields": {"name": "Спорт", "subscribers": [15]}}, {"model": "NewsPortal.category", "pk": 2, "fields": {"name": "Экономика", "subscribers": [15]}}, {"model": "NewsPortal.category", "pk": 3, "fields": {"name": "Государственные", "subscribers": [15]}}, {"model": "NewsPortal.category", "pk": 4, "fields": {"name": "Информационные технологии", "subscribers": [15]}}, {"model": "NewsPortal.post", "pk": 1, "fields": {"author": 1, "post_class": "news", "time_create": "2023-11-14T11:37:00.595Z", "headline": "Эта новость уже облетела весь мир", "text": "Lorem ipsum dolor sit amet, consectetur adipiscing elit, sed do eiusmod tempor incididunt ut labore et dolore magna aliqua. Ut enim ad minim veniam, quis nostrud exercitation ullamco laboris nisi ut aliquip ex ea commodo consequat. Duis aute irure dolor in reprehenderit in voluptate velit esse cillum dolore eu fugiat nulla pariatur. Excepteur sint occaecat cupidatat non proident, sunt in culpa qui officia deserunt mollit anim id est laborum.", "rating": 5}}, {"model": "NewsPortal.post", "pk": 2, "fields": {"author": 2, "post_class": "article", "time_create": "2023-11-14T11:37:44.743Z", "headline": "А вы знали что такое ООП?", "text": "Объе́ктно-ориенти́рованное программи́рование (сокр. ООП) — методология программирования, основанная на представлении программы в виде совокупности взаимодействующих объектов, каждый из которых является экземпляром определённого класса, а классы образуют иерархию наследования.", "rating": 6}}, {"model": "NewsPortal.post", "pk": 3, "fields": {"author": 2, "post_class": "article", "time_create": "2023-11-14T11:37:57.814Z", "headline": "Принципы работы ООП", "text": "Четыре основных принципа объектно-ориентированного программирования следующие.\r\n\r\nАбстракция:\r\nМоделирование требуемых атрибутов и взаимодействий сущностей в виде классов для определения абстрактного представления системы\r\n\r\nИнкапсуляция:\r\nСкрытие внутреннего состояния и функций объекта и предоставление доступа только через открытый набор функций\r\nНаследование:\r\nВозможность создания новых абстракций на основе существующих\r\nПолиморфизм:\r\nВозможность реализации наследуемых свойств или методов отличающимися способами в рамках множества абстракций", "rating": 3}}, {"model": "NewsPortal.post", "pk": 5, "fields": {"author": 1, "post_class": "news", "time_create": "2023-11-15T21:15:19.748Z", "headline": "Lorem Ipsum 2", "text": "Lorem ipsum is placeholder text commonly used in the graphic, print, and publishing industries for previewing layouts and visual mockups.\r\nLorem ipsum is placeholder text commonly used in the graphic, print, and publishing industries for previewing layouts and visual mockups.", "rating": 0}}, {"model": "NewsPortal.post", "pk": 6, "fields": {"author": 2, "post_class": "news", "time_create": "2023-11-15T21:19:55.508Z", "headline": "Lorem Ipsum 3", "text": "Lorem ipsum dolor sit amet, consectetur adipiscing elit, sed do eiusmod tempor incididunt ut labore et dolore magna aliqua. Enim sit amet venenatis urna cursus eget. Sagittis eu volutpat odio facilisis mauris sit amet massa. Elementum nibh tellus molestie nunc non blandit. Faucibus a pellentesque sit amet porttitor eget dolor morbi. Ligula ullamcorper malesuada proin libero nunc consequat interdum varius. Et netus et malesuada fames ac. Commodo quis imperdiet massa tincidunt. Amet aliquam id diam maecenas ultricies mi. Platea dictumst vestibulum rhoncus est. Erat imperdiet sed euismod nisi porta lorem mollis aliquam ut. Purus in massa tempor nec feugiat. Enim nunc faucibus a pellentesque sit amet porttitor eget. Dui faucibus in ornare quam viverra. Lacus laoreet non curabitur gravida arcu ac. Metus vulputate eu scelerisque felis imperdiet. Sit amet tellus cras adipiscing.", "rating": 0}}, {"model": "NewsPortal.post", "pk": 7, "fields": {"author": 1, "post_class": "news", "time_create": "2023-11-15T21:20:44.048Z", "headline": "Lorem Ipsum 4", "text": "Risus quis varius quam quisque id diam. Blandit aliquam etiam erat velit scelerisque in dictum. Mi quis hendrerit dolor magna eget est. Congue quisque egestas diam in arcu cursus euismod. Quis enim lobortis scelerisque fermentum. At quis risus sed vulputate. Est lorem ipsum dolor sit amet consectetur adipiscing elit. In cursus turpis massa tincidunt dui. Lacus suspendisse faucibus interdum posuere lorem ipsum. Dolor morbi non arcu risus quis. Tortor at risus viverra adipiscing at in tellus integer feugiat. Posuere urna nec tincidunt praesent semper feugiat nibh sed. Id velit ut tortor pretium viverra suspendisse potenti nullam. Aenean sed adipiscing diam donec adipiscing tristique risus nec feugiat. Ultrices mi tempus imperdiet nulla malesuada. Lacus sed turpis tincidunt id. Purus sit amet luctus venenatis lectus magna. Sem et tortor consequat id porta nibh. Enim ut sem viverra aliquet eget sit amet. Mattis enim ut tellus elementum sagittis.", "rating": 0}}, {"model": "NewsPortal.post", "pk": 8, "fields": {"author": 1, "post_class": "article", "time_create": "2023-11-15T21:57:58.218Z", "headline": "Lorem Ipsum 5", "text": "Dignissim enim sit amet venenatis urna cursus eget. Sed nisi lacus sed viverra tellus in hac habitasse. Suspendisse ultrices gravida dictum fusce ut placerat orci nulla. Tellus integer feugiat scelerisque varius morbi. Cursus mattis molestie a iaculis. Eget aliquet nibh praesent tristique magna sit amet purus. Fringilla phasellus faucibus scelerisque eleifend donec pretium vulputate sapien nec. Ut faucibus pulvinar elementum integer enim neque volutpat. Elit ullamcorper dignissim cras tincidunt. Iaculis at erat pellentesque adipiscing commodo elit at. Nunc faucibus a pellentesque sit amet porttitor eget. Non enim praesent elementum facilisis leo. Pellentesque pulvinar pellentesque habitant morbi tristique senectus et. Sem viverra aliquet eget sit amet. Cras adipiscing enim eu turpis egestas pretium aenean pharetra magna. Maecenas pharetra convallis posuere morbi leo urna.", "rating": 0}}, {"model": "NewsPortal.post", "pk": 9, "fields": {"author": 1, "post_class": "news", "time_create": "2023-11-15T21:59:02.488Z", "headline": "Lorem Ipsum 6", "text": "Dignissim enim sit amet venenatis urna cursus eget. Sed nisi lacus sed viverra tellus in hac habitasse. Suspendisse ultrices gravida dictum fusce ut placerat orci nulla. Tellus integer feugiat scelerisque varius morbi. Cursus mattis molestie a iaculis. Eget aliquet nibh praesent tristique magna sit amet purus. Fringilla phasellus faucibus scelerisque eleifend donec pretium vulputate sapien nec. Ut faucibus pulvinar elementum integer enim neque volutpat. Elit ullamcorper dignissim cras tincidunt. Iaculis at erat pellentesque adipiscing commodo elit at. Nunc faucibus a pellentesque sit amet porttitor eget. Non enim praesent elementum facilisis leo. Pellentesque pulvinar pellentesque habitant morbi tristique senectus et. Sem viverra aliquet eget sit amet. Cras adipiscing enim eu turpis egestas pretium aenean pharetra magna. Maecenas pharetra convallis posuere morbi leo urna.", "rating": 0}}, {"model": "NewsPortal.post", "pk": 10, "fields": {"author": 2, "post_class": "article", "time_create": "2023-11-15T22:13:32.217Z", "headline": "Lorem Ipsum 7", "text": "Duis at consectetur lorem donec massa sapien faucibus et molestie. Enim diam vulputate ut pharetra sit amet aliquam id diam. Euismod in pellentesque massa placerat duis ultricies. Convallis aenean et tortor at risus viverra adipiscing at. Consequat nisl vel pretium lectus quam id leo in vitae. Quam vulputate dignissim suspendisse in. Sit amet mauris commodo quis. Mattis molestie a iaculis at erat. Consectetur adipiscing elit ut aliquam purus sit amet luctus venenatis. Integer malesuada nunc vel risus commodo viverra maecenas accumsan lacus. Fusce ut placerat orci nulla. Tortor pretium viverra suspendisse potenti nullam ac tortor. Diam donec adipiscing tristique risus nec feugiat. Arcu odio ut sem nulla pharetra. Congue eu consequat ac felis. Quis varius quam quisque id diam vel quam elementum. Amet justo donec enim diam vulputate ut. Nulla porttitor massa id neque.", "rating": 0}}, {"model": "NewsPortal.post", "pk": 11, "fields": {"author": 2, "post_class": "article", "time_create": "2023-11-15T22:31:30.331Z", "headline": "Lorem Ipsum 8", "text": "Egestas pretium aenean pharetra magna ac placerat vestibulum. Aliquet enim tortor at auctor urna nunc id cursus. Fames ac turpis egestas sed tempus urna et pharetra. Interdum velit euismod in pellentesque massa placerat duis ultricies. Laoreet suspendisse interdum consectetur libero id. Ut sem viverra aliquet eget sit amet tellus. Sed viverra ipsum nunc aliquet bibendum enim. Nunc id cursus metus aliquam. Et leo duis ut diam quam. Gravida dictum fusce ut placerat orci nulla pellentesque dignissim enim. Id neque aliquam vestibulum morbi blandit cursus.", "rating": 0}}, {"model": "NewsPortal.post", "pk": 12, "fields": {"author": 2, "post_class": "article", "time_create": "2023-11-15T22:43:44.396Z", "headline": "Lorem Ipsum 9", "text": "Lorem ipsum dolor sit amet, consectetur adipiscing elit, sed do eiusmod tempor incididunt ut labore et dolore magna aliqua. Enim sit amet venenatis urna cursus eget. Sagittis eu volutpat odio facilisis mauris sit amet massa. Elementum nibh tellus molestie nunc non blandit. Faucibus a pellentesque sit amet porttitor eget dolor morbi. Ligula ullamcorper malesuada proin libero nunc consequat interdum varius. Et netus et malesuada fames ac. Commodo quis imperdiet massa tincidunt. Amet aliquam id diam maecenas ultricies mi. Platea dictumst vestibulum rhoncus est. Erat imperdiet sed euismod nisi porta lorem mollis aliquam ut. Purus in massa tempor nec feugiat. Enim nunc faucibus a pellentesque sit amet porttitor eget. Dui faucibus in ornare quam viverra. Lacus laoreet non curabitur gravida arcu ac. Metus vulputate eu scelerisque felis imperdiet. Sit amet tellus cras adipiscing.", "rating": 0}}, {"model": "NewsPortal.post", "pk": 14, "fields": {"author": 1, "post_class": "news", "time_create": "2023-11-21T11:14:08.433Z", "headline": "Lorem Ipsum 10", "text": "Lorem ipsum is placeholder text commonly used in the graphic, print, and publishing industries for previewing layouts and visual mockups.", "rating": 0}}, {"model": "NewsPortal.post", "pk": 15, "fields": {"author": 1, "post_class": "news", "time_create": "2023-11-21T12:06:36.734Z", "headline": "Lorem ipsum 11", "text": "Lorem ipsum dolor sit amet, consectetur adipiscing elit, sed do eiusmod tempor incididunt ut labore et dolore magna aliqua. Ut enim ad minim veniam, quis nostrud exercitation ullamco laboris nisi ut aliquip ex ea commodo consequat. Duis aute irure dolor in reprehenderit in voluptate velit esse cillum dolore eu fugiat nulla pariatur. Excepteur sint occaecat cupidatat non proident, sunt in culpa qui officia deserunt mollit anim id est laborum.", "rating": 0}}, {"model": "NewsPortal.post", "pk": 16, "fields": {"author": 1, "post_class": "news", "time_create": "2023-11-21T12:15:42.213Z", "headline": "Lorem Ipsum 12", "text": "Lorem ipsum dolor sit amet, consectetur adipiscing elit, sed do eiusmod tempor incididunt ut labore et dolore magna aliqua. Bibendum est ultricies integer quis auctor elit sed vulputate. Venenatis cras sed felis eget velit aliquet sagittis id consectetur. Tristique risus nec feugiat in fermentum. Arcu felis bibendum ut tristique et egestas quis ipsum. Massa sapien faucibus et molestie. Quam vulputate dignissim suspendisse in. Velit dignissim sodales ut eu sem. Lectus quam id leo in vitae turpis massa. Iaculis nunc sed augue lacus viverra vitae congue eu consequat. Aenean pharetra magna ac placerat vestibulum. Adipiscing enim eu turpis egestas pretium aenean pharetra magna. Proin libero nunc consequat interdum varius sit amet mattis vulputate. Iaculis nunc sed augue lacus viverra vitae. Sit amet venenatis urna cursus eget. Ullamcorper sit amet risus nullam eget felis eget. A condimentum vitae sapien pellentesque habitant morbi.", "rating": 0}}, {"model": "NewsPortal.post", "pk": 17, "fields": {"author": 1, "post_class": "news", "time_create": "2023-11-21T13:19:35.887Z", "headline": "Lorem Ipsum 12", "text": "Eu ultrices vitae auctor eu augue ut lectus arcu bibendum. Cursus mattis molestie a iaculis. Adipiscing enim eu turpis egestas. Tincidunt ornare massa eget egestas purus viverra accumsan. Commodo quis imperdiet massa tincidunt nunc pulvinar sapien et. Pellentesque diam volutpat commodo sed egestas egestas fringilla phasellus. Nisi est sit amet facilisis magna. Mattis molestie a iaculis at erat. Elementum sagittis vitae et leo. Vulputate eu scelerisque felis imperdiet proin fermentum leo. Facilisi cras fermentum odio eu feugiat pretium nibh ipsum consequat.", "rating": 0}}, {"model": "NewsPortal.post", "pk": 18, "fields": {"author": 1, "post_class": "news", "time_create": "2023-11-21T14:00:41.485Z", "headline": "Lorem Ipsum 13", "text": "A scelerisque purus semper eget duis at tellus at urna. Sed felis eget velit aliquet sagittis id consectetur purus ut. Pellentesque elit eget gravida cum sociis natoque. Vitae tempus quam pellentesque nec nam aliquam sem et tortor. Varius duis at consectetur lorem donec massa sapien faucibus et. Facilisi cras fermentum odio eu feugiat. Diam sollicitudin tempor id eu nisl nunc. Eget velit aliquet sagittis id consectetur purus ut faucibus. Porta lorem mollis aliquam ut porttitor leo a diam. Non tellus orci ac auctor. Sed turpis tincidunt id aliquet risus feugiat in ante. Faucibus interdum posuere lorem ipsum. Nulla pellentesque dignissim enim sit amet venenatis urna cursus. Enim diam vulputate ut pharetra sit. Tortor at auctor urna nunc id cursus metus aliquam eleifend.", "rating": 0}}, {"model": "NewsPortal.post", "pk": 19, "fields": {"author": 1, "post_class": "news", "time_create": "2023-11-21T17:43:30.370Z", "headline": "Lorem Ipsum 14", "text": "Ultrices tincidunt arcu non sodales neque. Duis convallis convallis tellus id interdum velit laoreet id. Tellus molestie nunc non blandit massa enim nec. Maecenas ultricies mi eget mauris pharetra. Tincidunt ornare massa eget egestas purus viverra accumsan. Non sodales neque sodales ut. Congue mauris rhoncus aenean vel elit scelerisque mauris pellentesque pulvinar. Vel elit scelerisque mauris pellentesque pulvinar pellentesque habitant morbi. Amet mauris commodo quis imperdiet massa tincidunt. Est velit egestas dui id ornare arcu. Mauris ultrices eros in cursus turpis massa tincidunt dui ut. Magnis dis parturient montes nascetur ridiculus. Morbi tristique senectus et netus. Eros in cursus turpis massa tincidunt dui ut ornare lectus. Sit amet facilisis magna etiam tempor orci. Dui ut ornare lectus sit amet est. Placerat vestibulum lectus mauris ultrices eros in cursus turpis.", "rating": 0}}, {"model": "NewsPortal.post", "pk": 20, "fields": {"author": 1, "post_class": "news", "time_create": "2023-11-21T17:52:01.237Z", "headline": "Lorem Ipsum 15", "text": "Эта новость изменилась", "rating": 0}}, {"model": "NewsPortal.post", "pk": 22, "fields": {"author": 1, "post_class": "news", "time_create": "2023-11-27T11:56:37.569Z", "headline": "Lorem Ipsum 15", "text": "Lorem ipsum dolor sit amet, consectetur adipiscing elit, sed do eiusmod tempor incididunt ut labore et dolore magna aliqua. Urna cursus eget nunc scelerisque viverra. Nulla porttitor massa id neque aliquam vestibulum morbi blandit cursus. Tempus egestas sed sed risus pretium. Habitasse platea dictumst quisque sagittis purus sit amet. At tempor commodo ullamcorper a lacus vestibulum. Rhoncus aenean vel elit scelerisque mauris pellentesque pulvinar. Urna cursus eget nunc scelerisque viverra mauris in. Dictumst quisque sagittis purus sit amet volutpat consequat mauris. Fermentum leo vel orci porta non. Neque viverra justo nec ultrices. Consectetur a erat nam at lectus urna. Bibendum arcu vitae elementum curabitur vitae nunc sed. Id ornare arcu odio ut. Commodo sed egestas egestas fringilla phasellus. Egestas diam in arcu cursus euismod quis viverra nibh cras. Vestibulum mattis ullamcorper velit sed ullamcorper morbi tincidunt ornare.", "rating": 0}}, {"model": "NewsPortal.post", "pk": 27, "fields": {"author": 1, "post_class": "news", "time_create": "2023-11-27T12:24:51.129Z", "headline": "Lorem Ipsum 16", "text": "Blandit cursus risus at ultrices mi tempus imperdiet nulla. Nulla facilisi nullam vehicula ipsum a arcu cursus vitae. Quisque non tellus orci ac auctor. Eget gravida cum sociis natoque penatibus et magnis dis. Sed vulputate mi sit amet mauris. Velit laoreet id donec ultrices. Diam vulputate ut pharetra sit amet aliquam id diam maecenas. Consequat id porta nibh venenatis cras sed felis eget. Aliquam purus sit amet luctus venenatis. Ullamcorper a lacus vestibulum sed arcu non. Consequat nisl vel pretium lectus quam. Neque ornare aenean euismod elementum nisi quis eleifend quam. Viverra accumsan in nisl nisi scelerisque eu. Aenean euismod elementum nisi quis eleifend quam. Convallis aenean et tortor at risus viverra. Sed augue lacus viverra vitae congue eu. In ante metus dictum at. Iaculis nunc sed augue lacus viverra vitae. Leo a diam sollicitudin tempor.", "rating": 0}}, {"model": "NewsPortal.post", "pk": 28, "fields": {"author": 1, "post_class": "news", "time_create": "2023-11-27T12:31:21.581Z", "headline": "Lorem Ipsum 17", "text": "Lorem mollis aliquam ut porttitor. Ac ut consequat semper viverra. Non tellus orci ac auctor augue mauris. Massa eget egestas purus viverra accumsan. Ipsum consequat nisl vel pretium. Mauris commodo quis imperdiet massa tincidunt nunc pulvinar sapien. Fringilla phasellus faucibus scelerisque eleifend. Leo duis ut diam quam nulla porttitor massa id neque. Mi proin sed libero enim sed faucibus turpis in eu. Elementum curabitur vitae nunc sed velit dignissim sodales ut eu. Non odio euismod lacinia at quis risus sed. Elit duis tristique sollicitudin nibh sit amet. Egestas integer eget aliquet nibh praesent tristique. At lectus urna duis convallis. Ultrices gravida dictum fusce ut placerat orci nulla pellentesque dignissim. Felis eget velit aliquet sagittis id consectetur purus ut. A pellentesque sit amet porttitor eget. Sit amet volutpat consequat mauris nunc congue. Suspendisse faucibus interdum posuere lorem ipsum dolor sit amet consectetur.", "rating": 0}}, {"model": "NewsPortal.post", "pk": 42, "fields": {"author": 1, "post_class": "news", "time_create": "2023-11-27T19:00:44.146Z", "headline": "Lorem Ipsum 18", "text": "Accumsan in nisl nisi scelerisque eu ultrices vitae auctor eu. Egestas egestas fringilla phasellus faucibus scelerisque eleifend donec. Auctor elit sed vulputate mi sit amet. At lectus urna duis convallis convallis tellus id interdum velit. Tristique senectus et netus et. Ornare quam viverra orci sagittis eu volutpat. Tempor nec feugiat nisl pretium fusce id velit ut tortor. Consectetur a erat nam at lectus. Amet nisl purus in mollis nunc. Non consectetur a erat nam at. Sagittis id consectetur purus ut faucibus. Eget magna fermentum iaculis eu non diam phasellus vestibulum lorem.", "rating": 0}}, {"model": "NewsPortal.post", "pk": 47, "fields": {"author": 1, "post_class": "news", "time_create": "2023-11-27T19:18:02.969Z", "headline": "Lorem Ipsum 19", "text": "Vitae auctor eu augue ut lectus. Ultrices eros in cursus turpis massa tincidunt dui. Nisl tincidunt eget nullam non nisi est sit. Ullamcorper morbi tincidunt ornare massa eget egestas. Bibendum arcu vitae elementum curabitur vitae. Posuere morbi leo urna molestie at. Suscipit adipiscing bibendum est ultricies integer. Sed viverra ipsum nunc aliquet bibendum enim. Nec sagittis aliquam malesuada bibendum arcu vitae. Neque sodales ut etiam sit amet nisl purus in. Morbi tincidunt augue interdum velit euismod in pellentesque. Vitae congue eu consequat ac felis. Id ornare arcu odio ut sem nulla pharetra diam sit. Egestas fringilla phasellus faucibus scelerisque eleifend. In arcu cursus euismod quis viverra nibh cras pulvinar. Lacus vestibulum sed arcu non odio. Sapien et ligula ullamcorper malesuada proin libero nunc consequat interdum. Ut lectus arcu bibendum at varius vel pharetra vel.", "rating": 0}}, {"model": "NewsPortal.post", "pk": 48, "fields": {"author": 2, "post_class": "article", "time_create": "2023-11-27T19:19:53.312Z", "headline": "Lorem Ipsum 20", "text": "A******** in nisl nisi scelerisque eu ultrices vitae auctor eu. E******* egestas fringilla phasellus faucibus scelerisque eleifend donec. A****** elit sed vulputate mi sit amet. A** lectus urna duis convallis convallis tellus id interdum velit. T********* senectus et netus et. O****** quam viverra orci sagittis eu volutpat. T****** nec feugiat nisl pretium fusce id velit ut tortor. C*********** a erat nam at lectus. A**** nisl purus in mollis nunc. N*** consectetur a erat nam at. S******** id consectetur purus ut faucibus. E**** magna fermentum iaculis eu non diam phasellus vestibulum lorem.", "rating": 0}}, {"model": "NewsPortal.post", "pk": 56, "fields": {"author": 1, "post_class": "news", "time_create": "2023-12-03T17:06:48.303Z", "headline": "Lorem Ipsum 22", "text": "Volutpat lacus laoreet non curabitur gravida arcu ac tortor. Scelerisque varius morbi enim nunc faucibus a pellentesque sit amet. Leo integer malesuada nunc vel risus commodo. Pulvinar neque laoreet suspendisse interdum consectetur libero. Eget gravida cum sociis natoque. Porttitor eget dolor morbi non arcu risus quis. Habitant morbi tristique senectus et netus et malesuada fames. Est pellentesque elit ullamcorper dignissim cras tincidunt lobortis feugiat. Sed odio morbi quis commodo odio aenean sed. Quam pellentesque nec nam aliquam sem et tortor. Ipsum nunc aliquet bibendum enim facilisis gravida. Eget magna fermentum iaculis eu non diam. Suscipit adipiscing bibendum est ultricies integer.", "rating": 0}}, {"model": "NewsPortal.postcategory", "pk": 1, "fields": {"post": 1, "category": 1}}, {"model": "NewsPortal.postcategory", "pk": 2, "fields": {"post": 1, "category": 2}}, {"model": "NewsPortal.postcategory", "pk": 3, "fields": {"post": 2, "category": 4}}, {"model": "NewsPortal.postcategory", "pk": 4, "fields": {"post": 3, "category": 4}}, {"model": "NewsPortal.postcategory", "pk": 5, "fields": {"post": 5, "category": 1}}, {"model": "NewsPortal.postcategory", "pk": 6, "fields": {"post": 5, "category": 2}}, {"model": "NewsPortal.postcategory", "pk": 7, "fields": {"post": 5, "category": 3}}, {"model": "NewsPortal.postcategory", "pk": 8, "fields": {"post": 5, "category": 4}}, {"model": "NewsPortal.postcategory", "pk": 9, "fields": {"post": 6, "category": 3}}, {"model": "NewsPortal.postcategory", "pk": 10, "fields": {"post": 7, "category": 1}}, {"model": "NewsPortal.postcategory", "pk": 11, "fields": {"post": 8, "category": 1}}, {"model": "NewsPortal.postcategory", "pk": 12, "fields": {"post": 9, "category": 4}}, {"model": "NewsPortal.postcategory", "pk": 13, "fields": {"post": 10, "category": 4}}, {"model": "NewsPortal.postcategory", "pk": 14, "fields": {"post": 11, "category": 3}}, {"model": "NewsPortal.postcategory", "pk": 15, "fields": {"post": 12, "category": 4}}, {"model": "NewsPortal.postcategory", "pk": 20, "fields": {"post": 14, "category": 1}}, {"model": "NewsPortal.postcategory", "pk": 21, "fields": {"post": 14, "category": 2}}, {"model": "NewsPortal.postcategory", "pk": 22, "fields": {"post": 14, "category": 3}}, {"model": "NewsPortal.postcategory", "pk": 23, "fields": {"post": 14, "category": 4}}, {"model": "NewsPortal.postcategory", "pk": 24, "fields": {"post": 15, "category": 1}}, {"model": "NewsPortal.postcategory", "pk": 25, "fields": {"post": 15, "category": 2}}, {"model": "NewsPortal.postcategory", "pk": 26, "fields": {"post": 15, "category": 3}}, {"model": "NewsPortal.postcategory", "pk": 27, "fields": {"post": 15, "category": 4}}, {"model": "NewsPortal.postcategory", "pk": 28, "fields": {"post": 16, "category": 1}}, {"model": "NewsPortal.postcategory", "pk": 29, "fields": {"post": 16, "category": 2}}, {"model": "NewsPortal.postcategory", "pk": 30, "fields": {"post": 16, "category": 3}}, {"model": "NewsPortal.postcategory", "pk": 31, "fields": {"post": 16, "category": 4}}, {"model": "NewsPortal.postcategory", "pk": 32, "fields": {"post": 17, "category": 1}}, {"model": "NewsPortal.postcategory", "pk": 33, "fields": {"post": 17, "category": 2}}, {"model": "NewsPortal.postcategory", "pk": 34, "fields": {"post": 18, "category": 3}}, {"model": "NewsPortal.postcategory", "pk": 35, "fields": {"post": 18, "category": 4}}, {"model": "NewsPortal.postcategory", "pk": 36, "fields": {"post": 19, "category": 3}}, {"model": "NewsPortal.postcategory", "pk": 37, "fields": {"post": 20, "category": 2}}, {"model": "NewsPortal.postcategory", "pk": 38, "fields": {"post": 20, "category": 3}}, {"model": "NewsPortal.postcategory", "pk": 43, "fields": {"post": 22, "category": 1}}, {"model": "NewsPortal.postcategory", "pk": 44, "fields": {"post": 22, "category": 2}}, {"model": "NewsPortal.postcategory", "pk": 45, "fields": {"post": 22, "category": 3}}, {"model": "NewsPortal.postcategory", "pk": 46, "fields": {"post": 22, "category": 4}}, {"model": "NewsPortal.postcategory", "pk": 56, "fields": {"post": 27, "category": 2}}, {"model": "NewsPortal.postcategory", "pk": 57, "fields": {"post": 27, "category": 4}}, {"model": "NewsPortal.postcategory", "pk": 58, "fields": {"post": 28, "category": 2}}, {"model": "NewsPortal.postcategory", "pk": 59, "fields": {"post": 28, "category": 4}}, {"model": "NewsPortal.postcategory", "pk": 91, "fields": {"post": 42, "category": 2}}, {"model": "NewsPortal.postcategory", "pk": 92, "fields": {"post": 42, "category": 3}}, {"model": "NewsPortal.postcategory", "pk": 93, "fields": {"post": 42, "category": 4}}, {"model": "NewsPortal.postcategory", "pk": 102, "fields": {"post": 47, "category": 2}}, {"model": "NewsPortal.postcategory", "pk": 103, "fields": {"post": 47, "category": 3}}, {"model": "NewsPortal.postcategory", "pk": 104, "fields": {"post": 48, "category": 2}}, {"model": "NewsPortal.postcategory", "pk": 105, "fields": {"post": 48, "category": 4}}, {"model": "NewsPortal.postcategory", "pk": 128, "fields": {"post": 56, "category": 1}}, {"model": "NewsPortal.postcategory", "pk": 129, "fields": {"post": 56, "category": 2}}, {"model": "NewsPortal.postcategory", "pk": 130, "fields": {"post": 56, "category": 3}}, {"model": "NewsPortal.comment", "pk": 1, "fields": {"rating": 3, "text": "Отличная статья!", "time_create": "2023-11-14T11:39:48.608Z", "post": 2, "user": 1}}, {"model": "NewsPortal.comment", "pk": 2, "fields": {"rating": 2, "text": "Отличная статья!", "time_create": "2023-11-14T11:39:56.839Z", "post": 3, "user": 1}}, {"model": "NewsPortal.comment", "pk": 3, "fields": {"rating": 4, "text": "Отличная новость!", "time_create": "2023-11-14T11:40:05.222Z", "post": 1, "user": 2}}, {"model": "NewsPortal.comment", "pk": 4, "fields": {"rating": 1, "text": "Не думал, что примут такое решение!", "time_create": "2023-11-14T11:40:11.741Z", "post": 1, "user": 2}}, {"model": "django_apscheduler.djangojob", "pk": "delete_old_job_executions", "fields": {"next_run_time": "2023-11-27T00:00:00Z", "job_state": "gAWVVQQAAAAAAAB9lCiMB3ZlcnNpb26USwGMAmlklIwZZGVsZXRlX29sZF9qb2JfZXhlY3V0aW9uc5SMBGZ1bmOUjEdOZXdzUG9ydGFsLm1hbmFnZW1lbnQuY29tbWFuZHMucnVuYXBzY2hlZHVsZXI6ZGVsZXRlX29sZF9qb2JfZXhlY3V0aW9uc5SMB3RyaWdnZXKUjBlhcHNjaGVkdWxlci50cmlnZ2Vycy5jcm9ulIwLQ3JvblRyaWdnZXKUk5QpgZR9lChoAUsCjAh0aW1lem9uZZSMCGJ1aWx0aW5zlIwHZ2V0YXR0cpSTlIwIem9uZWluZm+UjAhab25lSW5mb5STlIwJX3VucGlja2xllIaUUpSMA1VUQ5RLAYaUUpSMCnN0YXJ0X2RhdGWUTowIZW5kX2RhdGWUTowGZmllbGRzlF2UKIwgYXBzY2hlZHVsZXIudHJpZ2dlcnMuY3Jvbi5maWVsZHOUjAlCYXNlRmllbGSUk5QpgZR9lCiMBG5hbWWUjAR5ZWFylIwKaXNfZGVmYXVsdJSIjAtleHByZXNzaW9uc5RdlIwlYXBzY2hlZHVsZXIudHJpZ2dlcnMuY3Jvbi5leHByZXNzaW9uc5SMDUFsbEV4cHJlc3Npb26Uk5QpgZR9lIwEc3RlcJROc2JhdWJoHYwKTW9udGhGaWVsZJSTlCmBlH2UKGgijAVtb250aJRoJIhoJV2UaCkpgZR9lGgsTnNiYXViaB2MD0RheU9mTW9udGhGaWVsZJSTlCmBlH2UKGgijANkYXmUaCSIaCVdlGgpKYGUfZRoLE5zYmF1YmgdjAlXZWVrRmllbGSUk5QpgZR9lChoIowEd2Vla5RoJIhoJV2UaCkpgZR9lGgsTnNiYXViaB2MDkRheU9mV2Vla0ZpZWxklJOUKYGUfZQoaCKMC2RheV9vZl93ZWVrlGgkiWglXZRoJ4wWV2Vla2RheVJhbmdlRXhwcmVzc2lvbpSTlCmBlH2UKGgsTowFZmlyc3SUSwCMBGxhc3SUSwB1YmF1YmgfKYGUfZQoaCKMBGhvdXKUaCSJaCVdlGgnjA9SYW5nZUV4cHJlc3Npb26Uk5QpgZR9lChoLE5oT0sAaFBLAHViYXViaB8pgZR9lChoIowGbWludXRllGgkiWglXZRoVimBlH2UKGgsTmhPSwBoUEsAdWJhdWJoHymBlH2UKGgijAZzZWNvbmSUaCSIaCVdlGhWKYGUfZQoaCxOaE9LAGhQSwB1YmF1YmWMBmppdHRlcpROdWKMCGV4ZWN1dG9ylIwHZGVmYXVsdJSMBGFyZ3OUKYwGa3dhcmdzlH2UaCJoA4wSbWlzZmlyZV9ncmFjZV90aW1llEsBjAhjb2FsZXNjZZSIjA1tYXhfaW5zdGFuY2VzlEsBjA1uZXh0X3J1bl90aW1llIwIZGF0ZXRpbWWUjAhkYXRldGltZZSTlEMKB+cLGwAAAAAAAJRoGIaUUpR1Lg=="}}, {"model": "django_apscheduler.djangojob", "pk": "my_job", "fields": {"next_run_time": "2023-11-21T21:33:20Z", "job_state": "gAWV0gMAAAAAAAB9lCiMB3ZlcnNpb26USwGMAmlklIwGbXlfam9ilIwEZnVuY5SMNE5ld3NQb3J0YWwubWFuYWdlbWVudC5jb21tYW5kcy5ydW5hcHNjaGVkdWxlcjpteV9qb2KUjAd0cmlnZ2VylIwZYXBzY2hlZHVsZXIudHJpZ2dlcnMuY3JvbpSMC0Nyb25UcmlnZ2VylJOUKYGUfZQoaAFLAowIdGltZXpvbmWUjAhidWlsdGluc5SMB2dldGF0dHKUk5SMCHpvbmVpbmZvlIwIWm9uZUluZm+Uk5SMCV91bnBpY2tsZZSGlFKUjANVVEOUSwGGlFKUjApzdGFydF9kYXRllE6MCGVuZF9kYXRllE6MBmZpZWxkc5RdlCiMIGFwc2NoZWR1bGVyLnRyaWdnZXJzLmNyb24uZmllbGRzlIwJQmFzZUZpZWxklJOUKYGUfZQojARuYW1llIwEeWVhcpSMCmlzX2RlZmF1bHSUiIwLZXhwcmVzc2lvbnOUXZSMJWFwc2NoZWR1bGVyLnRyaWdnZXJzLmNyb24uZXhwcmVzc2lvbnOUjA1BbGxFeHByZXNzaW9ulJOUKYGUfZSMBHN0ZXCUTnNiYXViaB2MCk1vbnRoRmllbGSUk5QpgZR9lChoIowFbW9udGiUaCSIaCVdlGgpKYGUfZRoLE5zYmF1YmgdjA9EYXlPZk1vbnRoRmllbGSUk5QpgZR9lChoIowDZGF5lGgkiGglXZRoKSmBlH2UaCxOc2JhdWJoHYwJV2Vla0ZpZWxklJOUKYGUfZQoaCKMBHdlZWuUaCSIaCVdlGgpKYGUfZRoLE5zYmF1YmgdjA5EYXlPZldlZWtGaWVsZJSTlCmBlH2UKGgijAtkYXlfb2Zfd2Vla5RoJIhoJV2UaCkpgZR9lGgsTnNiYXViaB8pgZR9lChoIowEaG91cpRoJIhoJV2UaCkpgZR9lGgsTnNiYXViaB8pgZR9lChoIowGbWludXRllGgkiGglXZRoKSmBlH2UaCxOc2JhdWJoHymBlH2UKGgijAZzZWNvbmSUaCSJaCVdlGgpKYGUfZRoLEsKc2JhdWJljAZqaXR0ZXKUTnVijAhleGVjdXRvcpSMB2RlZmF1bHSUjARhcmdzlCmMBmt3YXJnc5R9lGgiaAOMEm1pc2ZpcmVfZ3JhY2VfdGltZZRLAYwIY29hbGVzY2WUiIwNbWF4X2luc3RhbmNlc5RLAYwNbmV4dF9ydW5fdGltZZSMCGRhdGV0aW1llIwIZGF0ZXRpbWWUk5RDCgfnCxUVIRQAAACUaBiGlFKUdS4="}}, {"model": "django_apscheduler.djangojobexecution", "pk": 1, "fields": {"job": "my_job", "status": "Executed", "run_time": "2023-11-21T19:42:50Z", "duration": "0.00", "finished": "1700595770.00", "exception": null, "traceback": null}}, {"model": "django_apscheduler.djangojobexecution", "pk": 2, "fields": {"job": "my_job", "status": "Executed", "run_time": "2023-11-21T19:43:00Z", "duration": "0.01", "finished": "1700595780.01", "exception": null, "traceback": null}}, {"model": "django_apscheduler.djangojobexecution", "pk": 3, "fields": {"job": "my_job", "status": "Executed", "run_time": "2023-11-21T19:43:10Z", "duration": "0.00", "finished": "1700595790.00", "exception": null, "traceback": null}}, {"model": "django_apscheduler.djangojobexecution", "pk": 4, "fields": {"job": "my_job", "status": "Executed", "run_time": "2023-11-21T19:43:20Z", "duration": "0.01", "finished": "1700595800.01", "exception": null, "traceback": null}}, {"model": "django_apscheduler.djangojobexecution", "pk": 5, "fields": {"job": "my_job", "status": "Executed", "run_time": "2023-11-21T19:44:40Z", "duration": "2.47", "finished": "1700595882.47", "exception": null, "traceback": null}}, {"model": "django_apscheduler.djangojobexecution", "pk": 6, "fields": {"job": "my_job", "status": "Executed", "run_time": "2023-11-21T19:44:50Z", "duration": "0.60", "finished": "1700595890.60", "exception": null, "traceback": null}}, {"model": "django_apscheduler.djangojobexecution", "pk": 7, "fields": {"job": "my_job", "status": "Executed", "run_time": "2023-11-21T19:45:00Z", "duration": "0.95", "finished": "1700595900.95", "exception": null, "traceback": null}}, {"model": "django_apscheduler.djangojobexecution", "pk": 8, "fields": {"job": "my_job", "status": "Executed", "run_time": "2023-11-21T19:45:10Z", "duration": "0.69", "finished": "1700595910.69", "exception": null, "traceback": null}}, {"model": "django_apscheduler.djangojobexecution", "pk": 9, "fields": {"job": "my_job", "status": "Executed", "run_time": "2023-11-21T19:45:20Z", "duration": "0.61", "finished": "1700595920.61", "exception": null, "traceback": null}}, {"model": "django_apscheduler.djangojobexecution", "pk": 10, "fields": {"job": "my_job", "status": "Executed", "run_time": "2023-11-21T19:45:30Z", "duration": "0.53", "finished": "1700595930.53", "exception": null, "traceback": null}}, {"model": "django_apscheduler.djangojobexecution", "pk": 11, "fields": {"job": "my_job", "status": "Executed", "run_time": "2023-11-21T21:20:20Z", "duration": "0.72", "finished": "1700601620.72", "exception": null, "traceback": null}}, {"model": "django_apscheduler.djangojobexecution", "pk": 12, "fields": {"job": "my_job", "status": "Executed", "run_time": "2023-11-21T21:20:30Z", "duration": "0.55", "finished": "1700601630.55", "exception": null, "traceback": null}}, {"model": "django_apscheduler.djangojobexecution", "pk": 13, "fields": {"job": "my_job", "status": "Executed", "run_time": "2023-11-21T21:20:40Z", "duration": "0.70", "finished": "1700601640.70", "exception": null, "traceback": null}}, {"model": "django_apscheduler.djangojobexecution", "pk": 14, "fields": {"job": "my_job", "status": "Executed", "run_time": "2023-11-21T21:20:50Z", "duration": "0.60", "finished": "1700601650.60", "exception": null, "traceback": null}}, {"model": "django_apscheduler.djangojobexecution", "pk": 15, "fields": {"job": "my_job", "status": "Executed", "run_time": "2023-11-21T21:25:40Z", "duration": "0.52", "finished": "1700601940.52", "exception": null, "traceback": null}}, {"model": "django_apscheduler.djangojobexecution", "pk": 16, "fields": {"job": "my_job", "status": "Executed", "run_time": "2023-11-21T21:25:50Z", "duration": "0.56", "finished": "1700601950.56", "exception": null, "traceback": null}}, {"model": "django_apscheduler.djangojobexecution", "pk": 17, "fields": {"job": "my_job", "status": "Executed", "run_time": "2023-11-21T21:26:00Z", "duration": "0.64", "finished": "1700601960.64", "exception": null, "traceback": null}}, {"model": "django_apscheduler.djangojobexecution", "pk": 18, "fields": {"job": "my_job", "status": "Executed", "run_time": "2023-11-21T21:26:30Z", "duration": "0.74", "finished": "1700601990.74", "exception": null, "traceback": null}}, {"model": "django_apscheduler.djangojobexecution", "pk": 19, "fields": {"job": "my_job", "status": "Executed", "run_time": "2023-11-21T21:27:50Z", "duration": "0.65", "finished": "1700602070.65", "exception": null, "traceback": null}}, {"model": "django_apscheduler.djangojobexecution", "pk": 20, "fields": {"job": "my_job", "status": "Executed", "run_time": "2023-11-21T21:28:00Z", "duration": "0.78", "finished": "1700602080.78", "exception": null, "traceback": null}}, {"model": "django_apscheduler.djangojobexecution", "pk": 21, "fields": {"job": "my_job", "status": "Executed", "run_time": "2023-11-21T21:29:50Z", "duration": "0.65", "finished": "1700602190.65", "exception": null, "traceback": null}}, {"model": "django_apscheduler.djangojobexecution", "pk": 22, "fields": {"job": "my_job", "status": "Executed", "run_time": "2023-11-21T21:30:00Z", "duration": "0.46", "finished": "1700602200.46", "exception": null, "traceback": null}}, {"model": "django_apscheduler.djangojobexecution", "pk": 23, "fields": {"job": "my_job", "status": "Executed", "run_time": "2023-11-21T21:33:00Z", "duration": "0.68", "finished": "1700602380.68", "exception": null, "traceback": null}}, {"model": "django_apscheduler.djangojobexecution", "pk": 24, "fields": {"job": "my_job", "status": "Executed", "run_time": "2023-11-21T21:33:10Z", "duration": "0.50", "finished": "1700602390.50", "exception": null, "traceback": null}}, {"model": "account.emailaddress", "pk": 1, "fields": {"user": 5, "email": "test_user@example.com", "verified": false, "primary": true}}, {"model": "account.emailaddress", "pk": 2, "fields": {"user": 6, "email": "test_user2@example.com", "verified": false, "primary": true}}, {"model": "account.emailaddress", "pk": 11, "fields": {"user": 15, "email": "astakhoff.andrejj.yandex.ru208@gmail.com", "verified": true, "primary": true}}, {"model": "socialaccount.socialapp", "pk": 1, "fields": {"provider": "google", "provider_id": "", "name": "Google", "client_id": "542371251018-qgjn07bkod9dghkub6p8gm1b4bt021hr.apps.googleusercontent.com", "secret": "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", "key": "", "settings": {}, "sites": [1]}}]